<?xml version="1.0" encoding="utf-8"?>
<Peach xmlns="http://peachfuzzer.com/2012/Peach" xmlns:xsi="http://www.w3.org/2001/XMLSchema-instance"
	xsi:schemaLocation="http://peachfuzzer.com/2012/Peach ../peach.xsd">

	<DataModel name="auth">
		<Blob length="4" valueType="hex" value="03661471" mutable="false"/>
		<Number value="0" size="32" mutable="true"/>
		<Number size="32" signed ="false" endian="little">
			<Relation type="size" of="netid"/>
		</Number>
		<String name="netid"/>
		<Number value="0" size="16" mutable="true"/>
		<Number value="5" size="32" mutable="true" endian="little"/>
		<Block name="sourceip">
			<Blob length="2" valueType="hex" value="0c00" mutable="false"/>
			<Number size="16" signed ="false" endian="little">
				<Relation type="size" of="ip"/>
			</Number>
			<String name="ip" nullTerminated="true"/>
		</Block>
		<Block name="sourcenetid">
			<Blob length="2" valueType="hex" value="0700" mutable="false"/>
			<Number size="16" signed ="false" endian="little">
				<Relation type="size" of="netid"/>
			</Number>
			<String name="netid" nullTerminated="true"/>
		</Block>
		<Block name="username">
			<Blob length="2" valueType="hex" value="0d00" mutable="false"/>
			<Number size="16" signed ="false" endian="little">
				<Relation type="size" of="user"/>
			</Number>
			<String name="user" nullTerminated="true"/>
		</Block>
		<Block name="password">
			<Blob length="2" valueType="hex" value="0200" mutable="false"/>
			<Number size="16" signed ="false" endian="little">
				<Relation type="size" of="pass"/>
			</Number>
			<String name="pass" nullTerminated="true"/>
		</Block>
		<Block ref="sourceip">
		</Block>
	</DataModel>

	<StateModel name="State" initialState="Initial">
		<State name="Initial">

			<Action name="SendValue" type="output" publisher="udp">
				<DataModel ref="auth" />
			</Action>
			 <Action type="output" publisher="cmd">
				<DataModel ref="auth" />
			</Action>

		</State>
	</StateModel>
	<Agent name="TheAgent">
		<Monitor class="RunCommand">
			<Param name="Command" value="python"/>
			<Param name="Arguments" value="./monitor.py"/>
			<Param name="FaultOnNonZeroExit" value="true"/>
			<Param name="When" value="OnIterationEnd" />
		</Monitor>
	</Agent>

	<Test name="Default">
		<StateModel ref="State"/>
		<Publisher name="cmd" class="Console"/>
		<Publisher name="udp" class="Udp">
			<Param name="Host" value="192.168.99.54" />
			<Param name="Port" value="48899" />
		</Publisher>
		<Agent ref="TheAgent"/>
		<Logger class="Filesystem">
			<Param name="Path" value="Logs" />
		</Logger>
	</Test>
</Peach>
<!-- end -->
