<?xml version="1.0" encoding="utf-8"?>
<Peach xmlns="http://peachfuzzer.com/2012/Peach" xmlns:xsi="http://www.w3.org/2001/XMLSchema-instance"
	xsi:schemaLocation="http://peachfuzzer.com/2012/Peach ../peach.xsd">

	<DataModel name="auth">
		<Blob length="2" valueType="hex" value="0000" mutable="false"/>
		<Number size="32" signed ="false" endian="little" mutable="false">
			<Relation type="size" of="AMS"/>
		</Number>
		<Block name="AMS">
			<Blob name="targetnetid" value="293952dc0101" valueType="hex" length="6" mutable="true"/>
			<Number size="16" mutable="true"/>
			<Blob name="sourcenetid" value="c0a863010101" valueType="hex" length="6" mutable="true"/>
			<Number size="16" mutable="true"/>
			<Choice name="CmdId">
				<Block name="Type1">
					<Number size="8" value="0" endian="little"/>
				</Block>
				<Block name="Type2">
					<Number size="8" value="1" endian="little"/>
				</Block>
				<Block name="Type3">
					<Number size="8" value="2" endian="little"/>
				</Block>
				<Block name="Type4">
					<Number size="8" value="3" endian="little"/>
				</Block>
				<Block name="Type5">
					<Number size="8" value="4" endian="little"/>
				</Block>
				<Block name="Type6">
					<Number size="8" value="5" endian="little"/>
				</Block>
				<Block name="Type7">
					<Number size="8" value="6" endian="little"/>
				</Block>
				<Block name="Type8">
					<Number size="8" value="7" endian="little"/>
				</Block>
				<Block name="Type9">
					<Number size="8" value="8" endian="little"/>
				</Block>
				<Block name="Type10">
					<Number size="8" value="9" endian="little"/>
				</Block>
				<Block name="Type11">
					<Number size="8" value="10" endian="little"/>
				</Block>
				<Block name="Type12">
					<Number size="8" value="11" endian="little"/>
				</Block>
				<Block name="Type13">
					<Number size="8" value="12" endian="little"/>
				</Block>
				<Block name="Type14">
					<Number size="8" value="13" endian="little"/>
				</Block>
			</Choice>
			<Flags name="StateFlags" size="16" mutable="true" endian="little">
				<Flag name="RESPONSE" value="0" position="0" size="1"/>
				<Flag name="NORETURN" value="0" position="1" size="1"/>
				<Flag name="ADSCOMMAND" value="1" position="2" size="1"/>
				<Flag name="SYSTEMCOMMAND" value="0" position="3" size="1"/>
				<Flag name="HIGHPRIORITYCOMMAND" value="0" position="4" size="1"/>
				<Flag name="TIMESTAMPADDED" value="0" position="5" size="1"/>
				<Flag name="UDPCOMMAND" value="0" position="6" size="1"/>
				<Flag name="INITCOMMAND" value="0" position="7" size="1"/>
				<Flag name="BROADCAST" value="0" position="8" size="8"/>
			</Flags>
			<Number name="cbData" size="32" signed ="false" endian="little">
				<Relation type="size" of="ADS"/>
			</Number>
			<Number name="ErrorCode" size="32" value="0" mutable="true"/>
			<Number name="InvokeId" size="32" mutable="true"/>
			<Block name="ADS">
				<Number name="indexGroup" size="32" mutable="true"/>
				<Number name="indexOffset" size="32" mutable="true"/>
				<Number name="CBReadLength" size="32" mutable="true"/>
				<Number name="CBReadWrite" size="32" endian="little">
					<Relation type="size" of="data"/>
				</Number>
				<String name="data"/>
			</Block>
		</Block>
	</DataModel>

	<StateModel name="State" initialState="Initial">
		<State name="Initial">
			<Action type="output" publisher="tcp">
				<DataModel ref="auth" />
			</Action>
			 <Action type="output" publisher="cmd">
				<DataModel ref="auth" />
			</Action>
		</State>
	</StateModel>
	<Agent name="local">
		<Monitor class="RunCommand">
			<Param name="Command" value="python"/>
			<Param name="Arguments" value="./tcp_monitor.py"/>
			<Param name="FaultOnNonZeroExit" value="true"/>
			<Param name="When" value="OnIterationEnd" />
		</Monitor>
	</Agent>

	<Test name="Default">
		<StateModel ref="State"/>
		<Publisher name="cmd" class="ConsoleHex"/>
		<Publisher name="tcp" class="TcpClient">
			<Param name="Host" value="192.168.99.54"/>
			<Param name="Port" value="48898" />
		</Publisher>
		<Agent ref="local"/>
		<Logger class="Filesystem">
			<Param name="Path" value="Logs" />
		</Logger>
	</Test>
</Peach>
<!-- end -->
